day,diner_frac,failed_retries,kills,steaks,gold_earned,builds_defending,enemy_count,night_seconds,day_seconds,unspent_gold_at_closeup,cards,guard_knockouts,picked,stations,tier,boss_night,boss_retries,brute_kills,sw_waves,branches,fences_lost,lane_load
1,0.667,0,18,36,108,tower_nw:0|tower_ne:0|fence_w:0|fence_n:0|fence_e:0,18,80.8,96.3,8,tank:1,0,tank,counter:0|freezer:0,1,0,0,0,0,0,,west:14|north:4|east:0
2,0.883,0,24,48,144,tower_nw:1|tower_ne:1|fence_w:1|fence_n:0|fence_e:0,24,75.9,145.9,7,hero_damage:1|tank:1,0,hero_damage,counter:0|freezer:1,1,0,0,0,0,0,,west:3|north:6|east:15
3,0.817,0,31,62,186,tower_nw:2|tower_ne:1|fence_w:1|fence_n:1|fence_e:1,31,84.3,156.8,3,hero_damage:1|attack_speed:1|tank:1,0,attack_speed,counter:1|freezer:1,1,0,0,0,0,0,fence_e|fence_n,west:12|north:9|east:10
4,0.900,0,36,72,216,tower_nw:2|tower_ne:2|fence_w:1|fence_n:1|fence_e:2,36,92.8,149.2,19,hero_damage:1|attack_speed:1|archer:1|tank:1,0,archer,counter:1|freezer:1,1,0,0,0,0,0,fence_e|fence_n,west:8|north:7|east:21
5,1.000,0,43,86,258,tower_nw:2|tower_ne:3|fence_w:1|fence_n:1|fence_e:1,43,88.0,168.7,37,hero_damage:2|attack_speed:1|archer:1|tank:1,0,hero_damage,counter:1|freezer:1,1,0,0,0,0,0,,west:16|north:6|east:21
6,1.000,0,50,100,300,tower_nw:3|tower_ne:3|fence_w:2|fence_n:2|fence_e:1,50,90.4,197.3,27,hero_damage:2|attack_speed:1|archer:1|tank:2,0,tank,counter:1|freezer:2,1,0,0,0,0,0,fence_n,west:20|north:19|east:11
7,0.850,0,56,112,336,tower_nw:3|tower_ne:3|fence_w:2|fence_n:3|fence_e:3,56,97.8,225.9,83,hero_damage:2|attack_speed:1|archer:1|tank:3,0,tank,counter:2|freezer:2,1,0,0,0,0,0,fence_n,west:7|north:26|east:23
8,1.000,0,56,112,336,tower_nw:3|tower_ne:3|fence_w:3|fence_n:3|fence_e:3,56,96.8,157.5,199,hero_damage:2|attack_speed:1|archer:1|tank:4,0,tank,counter:3|freezer:3,1,0,0,0,0,0,,west:27|north:15|east:14
9,0.917,0,56,112,336,tower_nw:3|tower_ne:3|fence_w:3|fence_n:3|fence_e:3,56,99.2,168.2,55,hero_damage:2|attack_speed:1|archer:1|tank:5,0,tank,counter:3|freezer:4,1,0,0,0,0,0,fence_n|fence_w,west:28|north:28|east:0
10,1.000,0,56,112,336,tower_nw:3|tower_ne:3|fence_w:3|fence_n:3|fence_e:3,56,99.2,156.5,11,hero_damage:2|attack_speed:1|archer:2|tank:5,0,archer,counter:4|freezer:4,1,0,0,0,0,0,fence_n,west:27|north:24|east:5
11,1.000,0,56,112,336,tower_nw:3|tower_ne:3|fence_w:3|fence_n:3|fence_e:3,56,97.9,135.7,207,hero_damage:2|attack_speed:1|archer:3|tank:5,0,archer,counter:4|freezer:4,1,0,0,0,0,0,fence_w,west:31|north:9|east:16
12,1.000,0,56,112,336,tower_nw:3|tower_ne:3|fence_w:3|fence_n:3|fence_e:3,56,96.9,130.3,43,hero_damage:2|attack_speed:2|archer:3|tank:5,0,attack_speed,counter:4|freezer:4,1,0,0,0,0,0,,west:19|north:10|east:27
13,0.618,1,57,212,636,tower_nw:3|tower_ne:3|fence_w:3|fence_n:3|fence_e:3,57,114.6,251.3,159,hero_damage:3|attack_speed:2|archer:3|tank:5,0,hero_damage,counter:4|freezer:4,1,1,1,0,0,0,fence_e|fence_n,west:5|north:28|east:24
14,0.783,0,63,126,378,tower_nw:3|tower_ne:3|fence_w:3|fence_n:3|fence_e:3|tower_w:2|tower_e:2,63,90.7,157.2,77,hero_damage:3|attack_speed:2|archer:4|tank:5,0,archer,counter:4|freezer:4,2,0,0,0,0,0,fence_n,west:0|north:31|east:32
15,0.933,0,68,136,408,tower_nw:3|tower_ne:3|fence_w:3|fence_n:3|fence_e:3|tower_w:3|tower_e:3,68,90.8,155.4,345,hero_damage:3|attack_speed:2|archer:5|tank:5,0,archer,counter:4|freezer:4,2,0,0,0,0,0,fence_n,west:8|north:33|east:27
16,0.767,0,72,144,432,tower_nw:3|tower_ne:3|fence_w:3|fence_n:3|fence_e:3|tower_w:3|tower_e:3,72,91.5,168.0,237,hero_damage:4|attack_speed:2|archer:5|tank:5,0,hero_damage,counter:4|freezer:5,2,0,0,0,0,0,fence_n,west:23|north:22|east:27
17,1.000,0,72,144,432,tower_nw:3|tower_ne:3|fence_w:3|fence_n:3|fence_e:3|tower_w:3|tower_e:3,72,91.6,153.0,189,hero_damage:5|attack_speed:2|archer:5|tank:5,0,hero_damage,counter:5|freezer:5,2,0,0,0,0,0,,west:22|north:23|east:27
18,1.000,0,72,144,576,tower_nw:3|tower_ne:3|fence_w:3|fence_n:3|fence_e:3|tower_w:3|tower_e:3,72,90.8,136.8,765,hero_damage:5|attack_speed:2|gold_per_steak:1|archer:5|tank:5,0,gold_per_steak,counter:5|freezer:5,2,0,0,0,0,0,,west:14|north:25|east:33
19,0.913,0,72,144,576,tower_nw:3|tower_ne:3|fence_w:3|fence_n:3|fence_e:3|tower_w:3|tower_e:3,72,91.2,149.7,1201,hero_damage:5|attack_speed:3|gold_per_steak:1|archer:5|tank:5,0,attack_speed,counter:5|freezer:5,2,0,0,0,0,0,fence_n,west:14|north:38|east:20
20,0.497,0,72,144,576,tower_nw:3|tower_ne:3|fence_w:3|fence_n:3|fence_e:3|tower_w:3|tower_e:3,72,90.6,150.1,137,hero_damage:5|attack_speed:4|gold_per_steak:1|archer:5|tank:5,0,attack_speed,counter:5|freezer:5,2,0,0,0,0,0,fence_n,west:23|north:33|east:16
21,0.680,0,73,294,1176,tower_nw:3|tower_ne:3|fence_w:3|fence_n:3|fence_e:3|tower_w:3|tower_e:3,73,95.3,295.1,93,hero_damage:5|attack_speed:5|gold_per_steak:1|archer:5|tank:5,0,attack_speed,counter:5|freezer:5,2,1,0,0,0,2,,west:36|north:9|east:28
22,0.793,0,79,164,820,tower_nw:3|tower_ne:3|fence_w:3|fence_n:3|fence_e:3|tower_w:3|tower_e:3|tower_sw:3|fence_sw:3,78,106.6,163.9,273,hero_damage:5|attack_speed:5|gold_per_steak:2|archer:5|tank:5,0,gold_per_steak,counter:5|freezer:5,3,0,0,1,1,1,fence_n,west:9|north:30|east:30|sw:10
23,0.433,1,83,178,1068,tower_nw:3|tower_ne:3|fence_w:3|fence_n:3|fence_e:3|tower_w:3|tower_e:3|tower_sw:3|fence_sw:3,81,116.8,208.9,161,hero_damage:5|attack_speed:5|gold_per_steak:3|archer:5|tank:5,0,gold_per_steak,counter:5|freezer:5,3,0,0,3,4,3,fence_n|fence_sw,west:14|north:26|east:14|sw:29
24,0.727,0,84,186,1302,tower_nw:3|tower_ne:3|fence_w:3|fence_n:3|fence_e:3|tower_w:3|tower_e:3|tower_sw:3|fence_sw:3,81,136.6,203.9,143,hero_damage:5|attack_speed:5|gold_per_steak:4|archer:5|tank:5,0,gold_per_steak,counter:5|freezer:5,3,0,0,3,1,3,fence_n|fence_sw|fence_w,west:30|north:14|east:23|sw:17
25,0.313,0,87,210,1680,tower_nw:3|tower_ne:3|fence_w:3|fence_n:3|fence_e:3|tower_w:3|tower_e:3|tower_sw:3|fence_sw:3,81,155.6,211.0,323,hero_damage:5|attack_speed:5|gold_per_steak:5|archer:5|tank:5,0,gold_per_steak,counter:5|freezer:5,3,0,0,6,1,3,fence_n,west:28|north:32|east:17|sw:10
26,0.907,0,87,210,1680,tower_nw:3|tower_ne:3|fence_w:3|fence_n:0|fence_e:3|tower_w:3|tower_e:3|tower_sw:3|fence_sw:3,81,139.9,216.8,1123,hero_damage:5|attack_speed:5|carry_capacity:1|gold_per_steak:5|archer:5|tank:5,0,carry_capacity,counter:5|freezer:5,3,0,0,6,1,2,fence_e,west:28|north:0|east:42|sw:17
27,0.853,0,87,210,1680,tower_nw:3|tower_ne:3|fence_w:3|fence_n:3|fence_e:3|tower_w:3|tower_e:3|tower_sw:3|fence_sw:3,81,155.9,200.7,2803,hero_damage:5|attack_speed:5|carry_capacity:2|gold_per_steak:5|archer:5|tank:5,0,carry_capacity,counter:5|freezer:5,3,0,0,6,1,0,,west:30|north:17|east:30|sw:10
28,0.703,1,87,210,1680,tower_nw:3|tower_ne:3|fence_w:3|fence_n:3|fence_e:3|tower_w:3|tower_e:3|tower_sw:3|fence_sw:3,81,149.7,227.1,3603,hero_damage:5|attack_speed:5|carry_capacity:3|gold_per_steak:5|archer:5|tank:5,0,carry_capacity,counter:5|freezer:5,3,0,0,10,4,2,fence_n|fence_sw,west:10|north:34|east:15|sw:28
29,0.957,0,87,210,1680,tower_nw:3|tower_ne:3|fence_w:3|fence_n:3|fence_e:3|tower_w:3|tower_e:3|tower_sw:3|fence_sw:3,81,144.0,197.1,4843,hero_damage:5|attack_speed:5|carry_capacity:4|gold_per_steak:5|archer:5|tank:5,0,carry_capacity,counter:5|freezer:5,3,0,0,6,2,1,fence_sw,west:25|north:17|east:13|sw:32
30,0.470,0,87,210,1680,tower_nw:3|tower_ne:3|fence_w:3|fence_n:3|fence_e:3|tower_w:3|tower_e:3|tower_sw:3|fence_sw:3,81,160.6,196.7,6083,hero_damage:5|attack_speed:5|carry_capacity:5|gold_per_steak:5|archer:5|tank:5,0,carry_capacity,counter:5|freezer:5,3,0,0,6,2,1,fence_sw,west:30|north:10|east:15|sw:32
31,0.377,0,87,210,1680,tower_nw:3|tower_ne:3|fence_w:3|fence_n:3|fence_e:3|tower_w:3|tower_e:3|tower_sw:3|fence_sw:3,81,150.0,204.1,7323,hero_damage:5|attack_speed:5|move_speed:1|carry_capacity:5|gold_per_steak:5|archer:5|tank:5,0,move_speed,counter:5|freezer:5,3,0,0,6,1,1,fence_n,west:10|north:32|east:32|sw:13
32,0.083,0,87,210,1680,tower_nw:3|tower_ne:3|fence_w:3|fence_n:3|fence_e:3|tower_w:3|tower_e:3|tower_sw:3|fence_sw:3,81,154.7,193.9,8563,hero_damage:5|attack_speed:5|move_speed:2|carry_capacity:5|gold_per_steak:5|archer:5|tank:5,0,move_speed,counter:5|freezer:5,3,0,0,6,3,1,fence_sw,west:15|north:17|east:10|sw:45
